1829,John,Bovich,jbovich@reedsmith.com,1615 Willow Ave,"$31,839","$44,575"
14323,Derrick,Bazlen,derrickb@microsoft.com,1325 Kings Way,"$32,361","$48,542"
14328,Arlene,Maloney,arleneallert@yahoo.com,7020 Yaho Ave,"$26,706","$37,388"
14329,David,Tarkington,dtarking@yahoo.com,6646 Wildwood Rd,"$39,695","$55,573"
14339,Michael,Verna,mverna@bowlesverna.com,1156 Statford Way,"$45,292","$67,937"
14341,Gyan,Kalwani,gkalwani@yahoo.com,1178 Statford Way,"$31,120","$43,568"
14345,William,Farac,wfarac@gmail.com,582 Estates Dr,"$35,632","$53,448"
14360,Roger,Weisbrod,rweisbrod@hotmail.com,1468 Cheshire Ct,"$31,457","$44,040"
14423,Jay,Schenirer,jayschenirer@sbcglobal.net,1315 Jester Ct,"$31,998","$44,797"
14474,Ira,Marks,help@grip-it-strips.com,6472 Donner Rd,"$45,453","$68,179"
14475,Leo,Kidd,leodkidd@gmail.com,1462 Cheshire Ct,"$40,271","$60,406"
14476,John,Roeber,jcr@roebers.com,531 Catalpa Pl,"$52,516","$78,774"
14479,Ronald,Kasper,rkasper33@gmail.com,253 Vista Pines Cir,"$54,847","$82,271"
14483,Timothy,Dickison,timd@owendunn.com,1109 Regency Way,"$35,602","$53,403"
14485,Rukmini,Iyer,irukmini@yahoo.com,1535 Queens Way,"$32,895","$46,053"
14515,Edward,Lehman,edwl@surewest.net,1327 Kings Way,"$29,517","$41,324"
14522,Walter,Mirczak,wmirczak@gmail.com,1192 Statford Way,"$53,612","$80,418"
14530,Denise,Hunt,esposto@juno.com,299 W Agatam Ave,"$26,808","$37,531"
14538,Brian,Solecki,brsolecki@gmail.com,7382 Winona Ave,"$25,485","$33,981"
14540,Alfred,Paladino,apaladino@deloitte.com,312 Snowflake Ave,"$26,980","$35,973"
14562,Alan,Fothergill,afotherg@yahoo.com,1283 Kings Way,"$37,448","$52,427"
14568,Brandon,Bilinski,mrbilinski@gmail.com,213 Vista Pines Cir,"$52,200","$78,300"
14572,Julie,Viola,violajj@comcast.net,677 Mountain Cir,"$38,686","$58,030"
14577,William,Hobbs,bill@billhobbsrealtor.com,6461 Donner Rd,"$26,962","$37,746"
14581,Frank,Kull,fjkull@gmail.com,1150 Statford Way,"$29,184","$40,857"
14584,Steven,Swinburn,swinburnmarineinc@yahoo.com,401 Sotoyone Ave,"$28,595","$38,126"
14586,Stacy,Thorpe,srossthorpe@yahoo.com,6647 Idlewood Rd,"$30,468","$42,655"
14591,Robert,Jamison,bjamison27@yahoo.com,1302 Kings Way,"$30,969","$43,356"
14609,Aaron,Schafer,ajschafer13@gmail.com,1189 Regency Way,"$35,886","$50,240"
14610,Anna,Vygodina,vygodina@csus.edu,6484 Wildwood Rd,"$40,726","$61,089"
14615,Lily,Suhling,lilysuhling@yahoo.com,1393 Kings Vista Ct,"$31,577","$44,208"
14617,Joan,Mcdermott,mcdermoj@mscd.edu,7268 Plaza Cir,"$22,817","$30,423"
14622,Daniel,Cobb,daniel.cobb@etrade.com,1148 Regency Way,"$31,736","$44,430"
14629,Jeffrey,Romrell,jkromrell@gmail.com,581 Mountain Cir,"$36,707","$55,060"
14639,Barry,Newton,barrycms@adelphia.net,1379 Kings Vista Ct,"$32,994","$46,191"
14649,Alexander,Hunt,alexanderhunt@yahoo.com,413 Sotoyone Ave,"$25,425","$33,900"
14660,Eugene,Siri,gsiri@pacbell.net,340 Agatahoe Blvd,"$37,881","$53,034"
14686,Luis,Pons,luisjpons@yahoo.com,265 Rim Dr,"$34,083","$51,124"
14688,Lupe,Springer,lupe@woodlandhomesearch.com,268 Rim Dr,"$33,668","$47,135"
14692,Marc,Levante,marc.levante@ideasinspired.com,383 Rim Dr,"$31,024","$43,434"
14699,Ronald,Casella,r-mcasella@comcast.net,217 Laurel Dr,"$26,386","$35,182"
14712,John,Saliba,jsaliba@salibaspharmacy.com,212 Vista Pines Cir,"$51,106","$76,660"
14716,Garrett,Grialou,ggrialou@reneson.com,11693 Ski Slope Way,"$38,237","$53,532"
14724,Jeffrey,Lovell,jeff.lovell@oracle.com,12677 Peregrine Dr,"$34,576","$48,406"
14725,Jay,Adams,jkajka@gmail.com,12893 Stockholm Way,"$42,648","$63,972"
14730,Mark,Nassi,mark.nassi@gmail.com,14182 Northwoods Blvd # 3,"$38,568","$53,995"
14734,Toby,Gabriner,tgabriner@gmail.com,11114 Mougle Ln,"$45,368","$68,052"
14737,David,Rozzi,drozzi@risk-strategies.com,12545 Schussing Way,"$26,669","$37,336"
14739,Robert,Elo,rbelo@sbcglobal.net,11739 Brookstone Dr,"$30,304","$42,426"
14748,Steve,Fredricks,steve@turrentinebrokerage.com,14328 Copenhagen Dr,"$28,201","$39,482"
14751,Darren,Cox,dcox@pacific.edu,14712 Copenhagen Dr # 5,"$28,619","$38,159"
14767,Glen,Ingalls,gingalls@yahoo.com,13449 Heidi Way,"$26,371","$36,919"
14769,Kenneth,Kantor,kkantor@gmail.com,14081 Copenhagen Dr,"$36,992","$55,488"
14771,Karl,Lovett,kj.lovett@pacbell.net,11566 Mougle Ln # 8,"$29,800","$41,719"
14781,Bruce,Presser,bpresser@covellogroup.com,15568 Alder Creek Rd,"$27,199","$38,078"
14804,Nathan,Blair,blair.nate@gmail.com,14293 Herringbone Way,"$25,623","$35,872"
14805,Keith,Abe,abewan_656@hotmail.com,14455 Alder Creek Rd,"$34,975","$52,462"
14806,Brian,Ferrall,bferrall@kvn.com,13301 Hillside Dr,"$39,158","$54,821"
14818,Jay,Steuer,jmsteuer@sbcglobal.net,11650 Mougle Ln,"$32,230","$48,345"
14822,Michael,Zuerlein,mzuerlein@gmail.com,13374 Hansel Ave,"$38,043","$53,261"
14825,Dallas,Springs,dallas.springs@gmail.com,13977 Copenhagen Dr,"$27,977","$39,168"
14831,Thomas,Meehan,tom@tineassoc.com,14107 Saint Croix Way,"$27,646","$36,862"
14834,Charles,Bond,cbond@dinapolicapital.com,14014 Davos Dr,"$30,667","$42,934"
14838,Katina,Rapton,katina@melraptonhonda.com,11806 Oslo Dr,"$39,358","$59,037"
14841,Joachim,Wettermark,joachim.wettermark@rocketmail.com,14321 Swiss Ln,"$56,004","$84,006"
14844,Edward,Littlejohn,fastdoced@aol.com,13644 Ski View Loop #4,"$35,152","$52,728"
14847,Douglas,Zezoff,doug@zezoffyuen.com,11252 Bolzano Dr,"$28,571","$38,094"
14849,Filemon,Calderon,filc@jjalbanese.com,14476 Davos Dr,"$34,269","$51,404"
14859,Rodney,Mittag,rodmittag@yahoo.com,12085 Viking Way,"$29,483","$41,276"
14862,Gregory,Brady,greg@continuumestate.com,11951 Kitzbuhel Rd,"$45,673","$68,510"
14864,Avi,Ashkenazi,aa@gene.com,14178 Hansel Ave,"$33,782","$50,673"
14868,Andrew,May,apmay1@gmail.com,13673 Hansel Ave,"$37,893","$53,051"
14871,Patrick,Sweeney,psweeney@sonicwall.com,11619 Norse Ave,"$34,453","$51,679"
14872,Lloyd,Jobe,lloyd.jobe@gmail.com,14709 Alder Creek Rd,"$23,935","$31,914"
14873,Daniel,Huss,daniel.j.huss@live.com,15155 Wolfgang Rd,"$29,887","$41,841"
14874,Gary,Graves,gary.graves@oba.co.santa-clara.ca.us,12694 Ski Slope Way,"$39,442","$55,219"
14878,Robert,Mccray,rmccray@triple-tree.com,15030 Wolfgang Rd,"$27,217","$38,103"
14882,Jason,Deglau,jmd3000@yahoo.com,14715 Slalom Way,"$34,723","$48,613"
14883,Thomas,Koster,tkoster@kostercomm.net,13449 Ski Slope Way,"$37,537","$52,552"
14885,Patrick,Kelly,pat.kelly@gcinc.com,11922 Oslo Dr,"$33,018","$46,225"
14887,Razmik,Abnous,razmikabnous@yahoo.com,11921 Saint Bernard Dr,"$39,594","$55,431"
14888,Paul,White,j-m-white@sbcglobal.net,13568 Hansel Ave,"$36,075","$50,505"
14893,Marc,Loney,mtloney@yahoo.com,14117 Tyrol Rd,"$30,664","$42,930"
14894,Warren,Ligan,warren777kathy@yahoo.com,13880 Copenhagen Dr,"$27,261","$38,165"
14912,Steven,Offerman,steve.offerman@gmail.com,12320 Viking Way,"$28,108","$39,351"
14914,Peter,Hanson,p.a.hanson@gmail.com,14525 Swiss Ln,"$35,810","$50,134"
14923,Jon,Crase,jon@craseconstruction.com,13561 Heidi Way,"$41,214","$61,820"
14925,Trudy,Muller,trudymuller@gmail.com,14035 Ramshorn St,"$49,997","$74,995"
14931,Stephen,Cumming,stephen.cumming@kenandy.com,13684 Hillside Dr,"$47,327","$70,991"
14952,Martin,Bittner,martin@bittnerfamily.net,15246 Wolfgang Rd,"$38,364","$57,545"
14954,Robert,Stagg,bob.stagg@oncomed.com,10624 Mougle Ln,"$38,948","$54,527"
14964,John,Matocq,john.matocq@kp.org,10995 Ski Slope Way,"$32,642","$45,698"
14972,Frank,Pignataro,fspignataro@comcast.net,13570 Northwoods Blvd,"$42,880","$64,320"
14973,Eric,Scott,ericjonscott@gmail.com,14450 Swiss Ln,"$30,614","$42,859"
14975,Benjamin,Cochran,ben.cochran@autodesk.com,14283 Pathway Ave,"$27,160","$38,024"
14976,Michael,Achenbach,shadowfax75@gmail.com,10966 Innsbruck Ave,"$27,236","$38,130"
14977,Michael,Stachowiak,mike.stachowiak@gmail.com,11496 Zermatt Dr,"$44,947","$67,420"
14978,Jeannie,Moloo,jmoloophdrd@yahoo.com,14214 Glacier View Dr,"$27,699","$38,778"
14979,Gregory,Nerland,gnerland@gmail.com,12243 Bernese Ln,"$25,627","$35,878"
14986,Donald,Wong,donw777@gmail.com,11819 Tundra Dr,"$37,499","$52,499"
